filename,file_size,file_attributes,region_count,region_id,region_shape_attributes,region_attributes
damaged (1).JPEG,8462,"{""caption"":"""",""public_domain"":""no"",""image_url"":""""}",1,0,"{""name"":""polygon"",""all_points_x"":[53,41,41,71,92,107,138,158,149,179,195,188,132,86,59],""all_points_y"":[110,130,138,150,183,199,202,190,166,164,154,123,99,95,101]}","{""name"":""front_moderate"",""type"":""unknown"",""image_quality"":{""good"":true,""frontal"":true,""good_illumination"":true}}"
damaged (2).JPEG,8327,"{""caption"":"""",""public_domain"":""no"",""image_url"":""""}",1,0,"{""name"":""polygon"",""all_points_x"":[147,159,186,212,224,200,168,150],""all_points_y"":[97,111,111,103,100,94,92,93]}","{""name"":""side_minor"",""type"":""unknown"",""image_quality"":{""good"":true,""frontal"":true,""good_illumination"":true}}"
damaged (3).JPEG,9451,"{""caption"":"""",""public_domain"":""no"",""image_url"":""""}",1,0,"{""name"":""polygon"",""all_points_x"":[124,139,166,236,266,272,277,276,269,269,262,234,218,208,196,184,172,154,144,133,127,123],""all_points_y"":[111,101,107,93,77,82,101,108,110,136,142,159,161,165,161,165,162,162,155,148,138,119]}","{""name"":""front_moderate\n"",""type"":""unknown"",""image_quality"":{""good"":true,""frontal"":true,""good_illumination"":true}}"
damaged (4).JPEG,9154,"{""caption"":"""",""public_domain"":""no"",""image_url"":""""}",1,0,"{""name"":""polygon"",""all_points_x"":[134,145,124,116,120,134,134,150,180,203,225,230,239,240,252,258,258,257,252,248,222,210,182,174,165,152],""all_points_y"":[132,117,96,72,60,56,66,69,77,87,89,74,68,57,63,80,103,124,135,150,168,175,174,183,187,175]}","{""name"":""front_severe"",""type"":""unknown"",""image_quality"":{""good"":true,""frontal"":true,""good_illumination"":true}}"
damaged (5).JPEG,11309,"{""caption"":"""",""public_domain"":""no"",""image_url"":""""}",1,0,"{""name"":""polygon"",""all_points_x"":[7,9,15,22,49,82,96,104,110,115,115,116,124,127,128,124,110,72,40,18,8,4,3,2,6],""all_points_y"":[99,79,69,67,64,68,67,73,83,92,98,113,113,128,137,142,144,146,144,142,142,136,124,112,98]}","{""name"":""rear_moderate"",""type"":""unknown"",""image_quality"":{""good"":true,""frontal"":true,""good_illumination"":true}}"
damaged (6).JPEG,9781,"{""caption"":"""",""public_domain"":""no"",""image_url"":""""}",1,0,"{""name"":""polygon"",""all_points_x"":[16,19,28,33,44,58,128,164,176,170,164,176,182,183,167,123,112,115,92,48,28,24,14],""all_points_y"":[103,82,75,64,50,47,47,49,56,70,80,85,101,112,116,120,132,153,159,147,139,118,103]}","{""name"":""front_moderate\n"",""type"":""unknown"",""image_quality"":{""good"":true,""frontal"":true,""good_illumination"":true}}"
damaged (7).JPEG,7122,"{""caption"":"""",""public_domain"":""no"",""image_url"":""""}",1,0,"{""name"":""polygon"",""all_points_x"":[78,78,81,107,122,192,197,215,219,219,231,231,227,210,182,145,116,91,78],""all_points_y"":[105,80,65,62,64,63,58,64,85,93,107,122,134,136,135,125,114,122,107]}","{""name"":""front_moderate"",""type"":""unknown"",""image_quality"":{""good"":true,""frontal"":true,""good_illumination"":true}}"
damaged (8).JPEG,9804,"{""caption"":"""",""public_domain"":""no"",""image_url"":""""}",1,0,"{""name"":""polygon"",""all_points_x"":[1,3,0,2,67,115,166,202,208,224,224,224,204,194,168,141,126,104,94,49,6],""all_points_y"":[148,136,92,76,69,62,63,68,88,123,139,153,162,169,179,188,189,183,175,161,157]}","{""name"":""front_severe"",""type"":""unknown"",""image_quality"":{""good"":true,""frontal"":true,""good_illumination"":true}}"
damaged (9).JPEG,14052,"{""caption"":"""",""public_domain"":""no"",""image_url"":""""}",1,0,"{""name"":""polygon"",""all_points_x"":[2,45,53,56,94,111,112,106,104,98,90,46,19,1],""all_points_y"":[107,111,92,81,81,89,96,106,128,146,155,143,135,128]}","{""name"":""front_moderate"",""type"":""unknown"",""image_quality"":{""good"":true,""frontal"":true,""good_illumination"":true}}"
damaged (10).JPEG,11458,"{""caption"":"""",""public_domain"":""no"",""image_url"":""""}",1,0,"{""name"":""polygon"",""all_points_x"":[6,25,40,50,40,54,85,116,137,143,156,177,192,202,208,210,210,181,173,170,152,151,138,133,119,128,117,102,82,61,43,25,11,8,18,18,11,31,10,7,8],""all_points_y"":[117,95,74,55,33,23,24,31,62,75,64,42,41,66,88,110,118,132,138,153,158,170,177,189,186,163,150,154,159,156,155,154,156,150,147,136,130,126,124,119,121]}","{""name"":""front_severe\n"",""type"":""unknown"",""image_quality"":{""good"":true,""frontal"":true,""good_illumination"":true}}"
damaged (11).JPEG,8794,"{""caption"":"""",""public_domain"":""no"",""image_url"":""""}",1,0,"{""name"":""polygon"",""all_points_x"":[83,83,90,109,123,131,136,134,128,125,113,102,91],""all_points_y"":[110,95,90,90,101,119,126,135,142,152,155,148,131]}","{""name"":""front_minor"",""type"":""unknown"",""image_quality"":{""good"":true,""frontal"":true,""good_illumination"":true}}"
damaged (12).JPEG,11897,"{""caption"":"""",""public_domain"":""no"",""image_url"":""""}",1,0,"{""name"":""polygon"",""all_points_x"":[84,91,101,119,151,214,237,251,254,247,256,261,262,260,242,192,126,94,82],""all_points_y"":[130,98,75,39,36,35,36,61,72,76,80,96,128,141,152,156,148,144,140]}","{""name"":""rear_moderate"",""type"":""unknown"",""image_quality"":{""good"":true,""frontal"":true,""good_illumination"":true}}"
damaged (13).JPEG,10836,"{""caption"":"""",""public_domain"":""no"",""image_url"":""""}",1,0,"{""name"":""polygon"",""all_points_x"":[176,181,220,242,250,257,256,241,198,183,175],""all_points_y"":[69,51,51,54,73,93,108,111,109,106,106]}","{""name"":""rear_moderate\n"",""type"":""unknown"",""image_quality"":{""good"":true,""frontal"":true,""good_illumination"":true}}"
damaged (14).JPEG,10417,"{""caption"":"""",""public_domain"":""no"",""image_url"":""""}",1,0,"{""name"":""polygon"",""all_points_x"":[47,70,56,52,64,108,133,172,194,226,268,288,297,303,288,288,271,241,201,178,172,164,144,130,110,102,97,91,73,69,54,67,70,47],""all_points_y"":[94,84,75,31,25,25,21,36,51,53,68,89,108,118,133,147,154,151,158,162,137,120,104,98,112,130,147,154,152,115,115,85,84,93]}","{""name"":""front_severe"",""type"":""unknown"",""image_quality"":{""good"":true,""frontal"":true,""good_illumination"":true}}"
damaged (15).JPEG,7871,"{""caption"":"""",""public_domain"":""no"",""image_url"":""""}",1,0,"{""name"":""polygon"",""all_points_x"":[27,34,134,167,170,175,198,201,209,218,240,228,208,192,132,84,33,16,8],""all_points_y"":[68,78,86,78,59,49,43,57,61,85,108,132,136,127,135,142,141,107,86]}","{""name"":""front_moderate"",""type"":""unknown"",""image_quality"":{""good"":true,""frontal"":true,""good_illumination"":true}}"
front (1).jpeg,12035,"{""caption"":"""",""public_domain"":""no"",""image_url"":""""}",1,0,"{""name"":""polygon"",""all_points_x"":[67,76,81,74,92,141,184,191,198,196,173,105,75,67],""all_points_y"":[118,91,79,75,71,70,66,92,120,150,149,134,130,126]}","{""name"":""front_moderate"",""type"":""unknown"",""image_quality"":{""good"":true,""frontal"":true,""good_illumination"":true}}"
front (2).JPEG,14665,"{""caption"":"""",""public_domain"":""no"",""image_url"":""""}",1,0,"{""name"":""polygon"",""all_points_x"":[82,65,68,100,128,143,162,180,203,222,242,242,233,207,195,175,150,113,92,85,77],""all_points_y"":[86,63,43,34,31,25,36,31,29,48,90,114,139,151,148,137,131,127,109,96,92]}","{""name"":""front_moderate"",""type"":""unknown"",""image_quality"":{""good"":true,""frontal"":true,""good_illumination"":true}}"
front (3).JPEG,10764,"{""caption"":"""",""public_domain"":""no"",""image_url"":""""}",1,0,"{""name"":""polygon"",""all_points_x"":[17,82,127,174,178,179,177,152,94,66,37,19,22,28,41],""all_points_y"":[112,107,106,124,127,257,267,267,266,265,256,240,204,197,176]}","{""name"":""front_moderate"",""type"":""unknown"",""image_quality"":{""good"":true,""frontal"":true,""good_illumination"":true}}"
front (4).JPEG,5614,"{""caption"":"""",""public_domain"":""no"",""image_url"":""""}",1,0,"{""name"":""polygon"",""all_points_x"":[144,67,68,149,216,218,185,180,185,177,167,146],""all_points_y"":[81,34,29,65,52,66,82,84,98,104,89,84]}","{""name"":""front_severe"",""type"":""unknown"",""image_quality"":{""good"":true,""frontal"":true,""good_illumination"":true}}"
front (5).JPEG,8793,"{""caption"":"""",""public_domain"":""no"",""image_url"":""""}",1,0,"{""name"":""polygon"",""all_points_x"":[123,130,179,205,241,245,218,166,147,131,132,139,138,127,122],""all_points_y"":[16,2,28,53,87,100,103,99,91,75,63,56,34,27,24]}","{""name"":""front_minor"",""type"":""unknown"",""image_quality"":{""good"":true,""frontal"":true,""good_illumination"":true}}"
front (6).JPEG,10901,"{""caption"":"""",""public_domain"":""no"",""image_url"":""""}",1,0,"{""name"":""polygon"",""all_points_x"":[40,65,95,119,136,140,136,130,117,93,64,48,39],""all_points_y"":[145,107,91,92,110,126,143,183,214,222,223,194,169]}","{""name"":""front_minor"",""type"":""unknown"",""image_quality"":{""good"":true,""frontal"":true,""good_illumination"":true}}"
front (7).JPEG,9107,"{""caption"":"""",""public_domain"":""no"",""image_url"":""""}",1,0,"{""name"":""polygon"",""all_points_x"":[61,123,133,154,175,199,205,210,219,215,188,161,153,149,96,62],""all_points_y"":[77,72,75,104,91,82,81,93,106,123,137,147,123,112,86,77]}","{""name"":""front_moderate"",""type"":""unknown"",""image_quality"":{""good"":true,""frontal"":true,""good_illumination"":true}}"
front (8).jpeg,8828,"{""caption"":"""",""public_domain"":""no"",""image_url"":""""}",1,0,"{""name"":""polygon"",""all_points_x"":[16,73,93,120,123,209,225,217,238,243,233,204,129,98,82,34,21],""all_points_y"":[43,51,66,69,83,72,70,93,79,93,113,126,145,141,126,111,69]}","{""name"":""front_moderate"",""type"":""unknown"",""image_quality"":{""good"":true,""frontal"":true,""good_illumination"":true}}"
front (9).JPEG,9626,"{""caption"":"""",""public_domain"":""no"",""image_url"":""""}",1,0,"{""name"":""polygon"",""all_points_x"":[79,82,136,178,209,223,229,233,233,228,217,161,119,79],""all_points_y"":[57,50,55,62,74,83,79,82,94,94,98,78,65,57]}","{""name"":""front_minor"",""type"":""unknown"",""image_quality"":{""good"":true,""frontal"":true,""good_illumination"":true}}"
front (10).JPEG,10606,"{""caption"":"""",""public_domain"":""no"",""image_url"":""""}",1,0,"{""name"":""polygon"",""all_points_x"":[72,112,144,174,163,159,173,168,152,138,125,103,74,57,61],""all_points_y"":[80,83,83,80,88,95,99,120,136,137,117,114,117,111,98]}","{""name"":""front_moderate"",""type"":""unknown"",""image_quality"":{""good"":true,""frontal"":true,""good_illumination"":true}}"
front (11).JPEG,13138,"{""caption"":"""",""public_domain"":""no"",""image_url"":""""}",1,0,"{""name"":""polygon"",""all_points_x"":[51,71,126,168,195,208,187,166,157,121,75,48],""all_points_y"":[36,1,3,16,33,50,65,86,102,96,73,63]}","{""name"":""front_minor"",""type"":""unknown"",""image_quality"":{""good"":true,""frontal"":true,""good_illumination"":true}}"
front (12).jpeg,10457,"{""caption"":"""",""public_domain"":""no"",""image_url"":""""}",1,0,"{""name"":""polygon"",""all_points_x"":[112,123,129,157,170,197,206,209,212,208,193,175,153,138,141,146,142,122,110],""all_points_y"":[104,92,94,106,110,110,119,134,154,166,173,181,184,177,160,144,132,125,110]}","{""name"":""front_minor"",""type"":""unknown"",""image_quality"":{""good"":true,""frontal"":true,""good_illumination"":true}}"
front (13).JPEG,7374,"{""caption"":"""",""public_domain"":""no"",""image_url"":""""}",1,0,"{""name"":""polygon"",""all_points_x"":[102,168,230,237,273,278,278,266,229,229,181,141,103],""all_points_y"":[123,112,111,119,118,138,166,176,161,132,135,134,130]}","{""name"":""front_minor"",""type"":""unknown"",""image_quality"":{""good"":true,""frontal"":true,""good_illumination"":true}}"
front (14).JPEG,9742,"{""caption"":"""",""public_domain"":""no"",""image_url"":""""}",1,0,"{""name"":""polygon"",""all_points_x"":[128,150,170,180,175,193,195,196,191,174,157,139,121,110,111,123],""all_points_y"":[80,67,59,68,78,81,104,126,133,133,135,131,129,125,106,84]}","{""name"":""front_severe"",""type"":""unknown"",""image_quality"":{""good"":true,""frontal"":true,""good_illumination"":true}}"
front (15).JPEG,11592,"{""caption"":"""",""public_domain"":""no"",""image_url"":""""}",1,0,"{""name"":""polygon"",""all_points_x"":[11,100,144,172,183,195,201,189,164,134,113,104,76,66,77,71,44,27,24],""all_points_y"":[75,83,67,60,68,94,131,145,156,161,158,144,143,153,161,170,172,171,151]}","{""name"":""front_moderate"",""type"":""unknown"",""image_quality"":{""good"":true,""frontal"":true,""good_illumination"":true}}"
moderate (1).JPEG,12871,"{""caption"":"""",""public_domain"":""no"",""image_url"":""""}",1,0,"{""name"":""polygon"",""all_points_x"":[68,60,126,147,152,178,220,212,194,209,203,189,191,188,182,164,167,167,142,104,77],""all_points_y"":[93,40,20,9,29,33,55,66,74,88,104,113,138,159,189,195,159,128,118,102,95]}","{""name"":""rear_moderate"",""type"":""unknown"",""image_quality"":{""good"":true,""frontal"":true,""good_illumination"":true}}"
moderate (2).JPEG,9298,"{""caption"":"""",""public_domain"":""no"",""image_url"":""""}",1,0,"{""name"":""polygon"",""all_points_x"":[52,74,77,107,116,104,100,87,76,55,45,41],""all_points_y"":[115,109,125,125,117,136,148,149,151,151,149,139]}","{""name"":""rear_minor"",""type"":""unknown"",""image_quality"":{""good"":true,""frontal"":true,""good_illumination"":true}}"
moderate (3).JPEG,11875,"{""caption"":"""",""public_domain"":""no"",""image_url"":""""}",1,0,"{""name"":""polygon"",""all_points_x"":[45,44,64,71,145,214,223,204,202,210,230,226,226,216,189,171,136,112,86,65,61,56,56,47,46],""all_points_y"":[122,76,75,4,2,2,16,21,36,58,64,83,95,125,139,151,156,167,173,168,151,127,111,94,76]}","{""name"":""rear_moderate"",""type"":""unknown"",""image_quality"":{""good"":true,""frontal"":true,""good_illumination"":true}}"
moderate (4).JPEG,8779,"{""caption"":"""",""public_domain"":""no"",""image_url"":""""}",1,0,"{""name"":""polygon"",""all_points_x"":[53,104,128,152,134,147,163,168,166,150,126,116,105,99,83,63,55],""all_points_y"":[73,80,84,69,87,103,109,123,142,148,152,158,149,141,132,125,120]}","{""name"":""rear_moderate"",""type"":""unknown"",""image_quality"":{""good"":true,""frontal"":true,""good_illumination"":true}}"
moderate (5).JPEG,10714,"{""caption"":"""",""public_domain"":""no"",""image_url"":""""}",1,0,"{""name"":""polygon"",""all_points_x"":[66,102,171,182,190,190,202,213,198,162,149,119,89,72,65],""all_points_y"":[83,82,82,78,89,107,118,130,152,147,139,141,141,137,116]}","{""name"":""rear_moderate"",""type"":""unknown"",""image_quality"":{""good"":true,""frontal"":true,""good_illumination"":true}}"
moderate (6).JPEG,8312,"{""caption"":"""",""public_domain"":""no"",""image_url"":""""}",1,0,"{""name"":""polygon"",""all_points_x"":[75,75,98,180,205,213,213,220,201,178,135,105,90,76,44,31,23,35,52],""all_points_y"":[80,58,56,60,73,89,114,141,151,151,152,150,143,143,141,118,104,91,85]}","{""name"":""rear_moderate"",""type"":""unknown"",""image_quality"":{""good"":true,""frontal"":true,""good_illumination"":true}}"
moderate (7).JPEG,10333,"{""caption"":"""",""public_domain"":""no"",""image_url"":""""}",1,0,"{""name"":""polygon"",""all_points_x"":[124,140,123,137,159,172,172,173,161,145,129],""all_points_y"":[110,86,50,39,51,78,92,113,125,138,124]}","{""name"":""rear_minor"",""type"":""unknown"",""image_quality"":{""good"":true,""frontal"":true,""good_illumination"":true}}"
moderate (8).JPEG,12845,"{""caption"":"""",""public_domain"":""no"",""image_url"":""""}",1,0,"{""name"":""polygon"",""all_points_x"":[95,107,116,133,172,192,212,206,207,226,220,181,160,126,107,94],""all_points_y"":[114,74,52,35,36,36,74,97,117,129,141,143,157,149,139,135]}","{""name"":""rear_moderate"",""type"":""unknown"",""image_quality"":{""good"":true,""frontal"":true,""good_illumination"":true}}"
moderate (9).JPEG,8037,"{""caption"":"""",""public_domain"":""no"",""image_url"":""""}",1,0,"{""name"":""polygon"",""all_points_x"":[66,82,90,93,118,141,190,205,200,216,219,217,220,203,157,136,118,109,91,75,74],""all_points_y"":[110,78,40,27,15,15,19,26,29,55,77,94,122,121,148,159,162,145,150,127,113]}","{""name"":""rear_severe"",""type"":""unknown"",""image_quality"":{""good"":true,""frontal"":true,""good_illumination"":true}}"
moderate (10).JPEG,10305,"{""caption"":"""",""public_domain"":""no"",""image_url"":""""}",1,0,"{""name"":""polygon"",""all_points_x"":[30,36,54,96,120,156,192,203,207,204,212,209,180,170,164,160,156,130,97,76,53,37,30],""all_points_y"":[87,61,41,13,3,1,2,13,36,58,81,95,106,108,143,172,186,187,174,171,153,120,113]}","{""name"":""rear_moderate"",""type"":""unknown"",""image_quality"":{""good"":true,""frontal"":true,""good_illumination"":true}}"
moderate (11).JPEG,12148,"{""caption"":"""",""public_domain"":""no"",""image_url"":""""}",1,0,"{""name"":""polygon"",""all_points_x"":[2,2,41,61,109,101,78,84,97,106,93,85,47,34,2],""all_points_y"":[111,68,71,76,59,76,95,117,129,147,170,183,176,163,142]}","{""name"":""front_minor"",""type"":""unknown"",""image_quality"":{""good"":true,""frontal"":true,""good_illumination"":true}}"
moderate (12).JPEG,10679,"{""caption"":"""",""public_domain"":""no"",""image_url"":""""}",1,0,"{""name"":""polygon"",""all_points_x"":[13,38,55,98,152,219,236,234,222,227,243,229,207,148,93,42,16,4],""all_points_y"":[75,44,40,40,43,49,51,61,85,102,104,127,133,133,129,120,116,106]}","{""name"":""front_moderate"",""type"":""unknown"",""image_quality"":{""good"":true,""frontal"":true,""good_illumination"":true}}"
moderate (13).jpeg,9987,"{""caption"":"""",""public_domain"":""no"",""image_url"":""""}",1,0,"{""name"":""polygon"",""all_points_x"":[19,32,109,164,177,150,141,181,205,186,196,213,237,220,137,108,64,30,20,17],""all_points_y"":[82,38,31,25,25,45,62,49,37,72,84,99,95,114,158,151,151,144,141,108]}","{""name"":""rear_moderate"",""type"":""unknown"",""image_quality"":{""good"":true,""frontal"":true,""good_illumination"":true}}"
moderate (14).JPEG,11172,"{""caption"":"""",""public_domain"":""no"",""image_url"":""""}",1,0,"{""name"":""polygon"",""all_points_x"":[32,56,92,129,154,163,205,208,215,247,241,235,175,156,125,116,89,69,42,25,17],""all_points_y"":[82,98,98,81,69,39,34,60,75,79,112,122,117,117,122,134,133,133,132,125,108]}","{""name"":""front_severe"",""type"":""unknown"",""image_quality"":{""good"":true,""frontal"":true,""good_illumination"":true}}"
moderate (15).JPEG,10586,"{""caption"":"""",""public_domain"":""no"",""image_url"":""""}",1,0,"{""name"":""polygon"",""all_points_x"":[89,114,122,105,127,162,180,215,225,242,250,250,246,211,191,183,162,148,146,137,122,99,89],""all_points_y"":[104,79,64,40,35,32,38,35,56,67,91,121,138,143,155,174,170,161,141,116,120,117,112]}","{""name"":""rear_moderate"",""type"":""unknown"",""image_quality"":{""good"":true,""frontal"":true,""good_illumination"":true}}"
rear (1).JPEG,7047,"{""caption"":"""",""public_domain"":""no"",""image_url"":""""}",1,0,"{""name"":""polygon"",""all_points_x"":[133,173,196,213,213,200,159,138,131],""all_points_y"":[60,63,77,101,127,145,146,139,111]}","{""name"":""rear_minor"",""type"":""unknown"",""image_quality"":{""good"":true,""frontal"":true,""good_illumination"":true}}"
rear (2).JPEG,8088,"{""caption"":"""",""public_domain"":""no"",""image_url"":""""}",1,0,"{""name"":""polygon"",""all_points_x"":[139,145,184,202,222,187,179,175,152,140,145,143,141],""all_points_y"":[55,42,51,53,89,95,119,153,158,143,101,70,59]}","{""name"":""rear_minor"",""type"":""unknown"",""image_quality"":{""good"":true,""frontal"":true,""good_illumination"":true}}"
rear (3).JPEG,6448,"{""caption"":"""",""public_domain"":""no"",""image_url"":""""}",1,0,"{""name"":""polygon"",""all_points_x"":[155,184,174,160,146,162,158],""all_points_y"":[30,68,100,118,119,83,63]}","{""name"":""rear_minor"",""type"":""unknown"",""image_quality"":{""good"":true,""frontal"":true,""good_illumination"":true}}"
rear (4).JPEG,7736,"{""caption"":"""",""public_domain"":""no"",""image_url"":""""}",1,0,"{""name"":""polygon"",""all_points_x"":[17,93,156,173,235,258,239,180,120,89,70,46],""all_points_y"":[63,53,50,49,87,107,120,134,149,152,149,110]}","{""name"":""rear_minor"",""type"":""unknown"",""image_quality"":{""good"":true,""frontal"":true,""good_illumination"":true}}"
rear (5).JPEG,5780,"{""caption"":"""",""public_domain"":""no"",""image_url"":""""}",1,0,"{""name"":""polygon"",""all_points_x"":[76,79,134,166,192,227,192,117,78],""all_points_y"":[77,32,35,35,57,89,134,160,100]}","{""name"":""rear_minor"",""type"":""unknown"",""image_quality"":{""good"":true,""frontal"":true,""good_illumination"":true}}"
rear (6).JPEG,9627,"{""caption"":"""",""public_domain"":""no"",""image_url"":""""}",1,0,"{""name"":""polygon"",""all_points_x"":[46,46,66,74,78,81,87,86,78,69,54,56],""all_points_y"":[117,91,84,81,96,113,134,153,162,162,152,132]}","{""name"":""side_minor"",""type"":""unknown"",""image_quality"":{""good"":true,""frontal"":true,""good_illumination"":true}}"
rear (7).JPEG,8301,"{""caption"":"""",""public_domain"":""no"",""image_url"":""""}",1,0,"{""name"":""polygon"",""all_points_x"":[62,80,72,99,147,163,167,167,167,166,166,152,120,71,45,24,30,27,37,49],""all_points_y"":[115,94,76,59,38,63,90,141,184,219,239,239,232,222,222,215,161,148,119,102]}","{""name"":""rear_moderate"",""type"":""unknown"",""image_quality"":{""good"":true,""frontal"":true,""good_illumination"":true}}"
rear (8).JPEG,7295,"{""caption"":"""",""public_domain"":""no"",""image_url"":""""}",1,0,"{""name"":""polygon"",""all_points_x"":[161,56,19,27,53,64,138,197,234,253,257,257,255,245,214,197],""all_points_y"":[130,96,84,64,48,37,53,61,71,90,113,135,149,153,153,150]}","{""name"":""rear_moderate"",""type"":""unknown"",""image_quality"":{""good"":true,""frontal"":true,""good_illumination"":true}}"
rear (9).JPEG,12353,"{""caption"":"""",""public_domain"":""no"",""image_url"":""""}",1,0,"{""name"":""polygon"",""all_points_x"":[14,27,37,133,212,236,277,309,296,243,167,104,53,22],""all_points_y"":[116,51,37,28,32,32,79,105,111,121,131,131,132,127]}","{""name"":""rear_minor"",""type"":""unknown"",""image_quality"":{""good"":true,""frontal"":true,""good_illumination"":true}}"
rear (10).JPEG,9080,"{""caption"":"""",""public_domain"":""no"",""image_url"":""""}",1,0,"{""name"":""polygon"",""all_points_x"":[148,133,133,159,185,194,196,178],""all_points_y"":[82,56,51,50,57,75,85,86]}","{""name"":""rear_minor"",""type"":""unknown"",""image_quality"":{""good"":true,""frontal"":true,""good_illumination"":true}}"
rear (11).JPEG,14797,"{""caption"":"""",""public_domain"":""no"",""image_url"":""""}",1,0,"{""name"":""polygon"",""all_points_x"":[131,92,85,115,128,148,174,185,185,164,150],""all_points_y"":[106,81,69,53,44,50,59,70,83,92,100]}","{""name"":""rear_minor"",""type"":""unknown"",""image_quality"":{""good"":true,""frontal"":true,""good_illumination"":true}}"
rear (12).JPEG,6245,"{""caption"":"""",""public_domain"":""no"",""image_url"":""""}",1,0,"{""name"":""polygon"",""all_points_x"":[119,147,190,168,170,167,151,140,149],""all_points_y"":[69,57,52,70,103,122,126,115,91]}","{""name"":""rear_minor"",""type"":""unknown"",""image_quality"":{""good"":true,""frontal"":true,""good_illumination"":true}}"
rear (13).JPEG,9684,"{""caption"":"""",""public_domain"":""no"",""image_url"":""""}",1,0,"{""name"":""polygon"",""all_points_x"":[14,31,102,158,175,188,188,184,168,152,117,86,45,23,10,4,4],""all_points_y"":[95,106,115,118,118,134,156,179,197,203,203,194,169,161,154,132,105]}","{""name"":""rear_moderate"",""type"":""unknown"",""image_quality"":{""good"":true,""frontal"":true,""good_illumination"":true}}"
rear (14).JPEG,6139,"{""caption"":"""",""public_domain"":""no"",""image_url"":""""}",1,0,"{""name"":""polygon"",""all_points_x"":[111,109,70,85,120,166,190,190,175,153,135,114],""all_points_y"":[107,71,35,22,33,76,95,114,135,142,145,130]}","{""name"":""rear_minor"",""type"":""unknown"",""image_quality"":{""good"":true,""frontal"":true,""good_illumination"":true}}"
rear (15).JPEG,10001,"{""caption"":"""",""public_domain"":""no"",""image_url"":""""}",1,0,"{""name"":""polygon"",""all_points_x"":[35,38,74,103,136,171,190,208,212,220,233,254,250,234,215,198,191,178,165,157,133,106,81,63,42],""all_points_y"":[114,99,101,86,83,85,69,68,81,99,106,117,133,140,146,145,132,125,131,145,146,145,139,140,140]}","{""name"":""rear_severe"",""type"":""unknown"",""image_quality"":{""good"":true,""frontal"":true,""good_illumination"":true}}"
side (1).JPEG,9234,"{""caption"":"""",""public_domain"":""no"",""image_url"":""""}",1,0,"{""name"":""polygon"",""all_points_x"":[2,35,92,130,177,238,277,296,298,299,299,277,238,212,167,135,98,61,43,14,1],""all_points_y"":[41,34,32,32,23,26,31,34,55,92,112,119,126,127,133,136,134,127,116,79,57]}","{""name"":""rear_moderate"",""type"":""unknown"",""image_quality"":{""good"":true,""frontal"":true,""good_illumination"":true}}"
side (2).JPEG,5426,"{""caption"":"""",""public_domain"":""no"",""image_url"":""""}",1,0,"{""name"":""polygon"",""all_points_x"":[14,16,63,70,100,139,174,231,195,171,146,120,74,37,16,10,7],""all_points_y"":[97,72,48,42,53,59,67,83,103,152,184,212,216,210,197,162,140]}","{""name"":""side_minor"",""type"":""unknown"",""image_quality"":{""good"":true,""frontal"":true,""good_illumination"":true}}"
side (3).JPEG,7165,"{""caption"":"""",""public_domain"":""no"",""image_url"":""""}",1,0,"{""name"":""polygon"",""all_points_x"":[9,47,76,114,142,155,212,248,276,292,296,284,280,266,224,183,134,85,42,13,1],""all_points_y"":[65,56,50,50,55,48,52,55,58,59,71,82,99,90,86,86,90,91,85,82,82]}","{""name"":""side_moderate"",""type"":""unknown"",""image_quality"":{""good"":true,""frontal"":true,""good_illumination"":true}}"
side (4).JPEG,9173,"{""caption"":"""",""public_domain"":""no"",""image_url"":""""}",1,0,"{""name"":""polygon"",""all_points_x"":[131,165,196,224,237,232,219,210,185,168,145],""all_points_y"":[158,146,144,139,144,153,158,165,169,170,166]}","{""name"":""side_minor"",""type"":""unknown"",""image_quality"":{""good"":true,""frontal"":true,""good_illumination"":true}}"
side (5).JPEG,8708,"{""caption"":"""",""public_domain"":""no"",""image_url"":""""}",1,0,"{""name"":""polygon"",""all_points_x"":[127,144,188,178,182,170,143,132,125,123],""all_points_y"":[76,83,82,95,113,119,122,123,110,95]}","{""name"":""side_minor"",""type"":""unknown"",""image_quality"":{""good"":true,""frontal"":true,""good_illumination"":true}}"
side (6).JPEG,7821,"{""caption"":"""",""public_domain"":""no"",""image_url"":""""}",1,0,"{""name"":""polygon"",""all_points_x"":[61,69,125,154,191,228,228,212,198,172,145,110,85,68],""all_points_y"":[47,34,36,31,35,48,75,81,112,121,121,118,99,84]}","{""name"":""side_minor"",""type"":""unknown"",""image_quality"":{""good"":true,""frontal"":true,""good_illumination"":true}}"
side (7).JPEG,5633,"{""caption"":"""",""public_domain"":""no"",""image_url"":""""}",1,0,"{""name"":""polygon"",""all_points_x"":[135,164,168,186,199,208,204,179,170,145,144,136],""all_points_y"":[108,79,51,41,54,63,84,81,85,120,135,135]}","{""name"":""side_minor"",""type"":""unknown"",""image_quality"":{""good"":true,""frontal"":true,""good_illumination"":true}}"
side (8).JPEG,9416,"{""caption"":"""",""public_domain"":""no"",""image_url"":""""}",1,0,"{""name"":""polygon"",""all_points_x"":[197,213,231,246,229,213,204],""all_points_y"":[47,46,54,79,91,87,73]}","{""name"":""side_minor"",""type"":""unknown"",""image_quality"":{""good"":true,""frontal"":true,""good_illumination"":true}}"
side (9).JPEG,8272,"{""caption"":"""",""public_domain"":""no"",""image_url"":""""}",1,0,"{""name"":""polygon"",""all_points_x"":[172,218,256,270,233,230,223,201,180],""all_points_y"":[111,89,87,100,126,146,162,159,151]}","{""name"":""side_minor"",""type"":""unknown"",""image_quality"":{""good"":true,""frontal"":true,""good_illumination"":true}}"
side (10).JPEG,9416,"{""caption"":"""",""public_domain"":""no"",""image_url"":""""}",1,0,"{""name"":""polygon"",""all_points_x"":[119,125,151,157,155,136],""all_points_y"":[104,78,75,86,100,106]}","{""name"":""side_minor"",""type"":""unknown"",""image_quality"":{""good"":true,""frontal"":true,""good_illumination"":true}}"
side (11).JPEG,11358,"{""caption"":"""",""public_domain"":""no"",""image_url"":""""}",1,0,"{""name"":""polygon"",""all_points_x"":[54,29,87,172,218,223,220,188,83,54],""all_points_y"":[137,45,44,69,97,113,147,147,150,146]}","{""name"":""side_moderate"",""type"":""unknown"",""image_quality"":{""good"":true,""frontal"":true,""good_illumination"":true}}"
side (12).JPEG,12792,"{""caption"":"""",""public_domain"":""no"",""image_url"":""""}",1,0,"{""name"":""polygon"",""all_points_x"":[159,219,246,255,253,229,205,188,182,177,156,145],""all_points_y"":[55,45,63,95,113,125,135,141,118,81,88,93]}","{""name"":""side_moderate"",""type"":""unknown"",""image_quality"":{""good"":true,""frontal"":true,""good_illumination"":true}}"
side (13).JPEG,11348,"{""caption"":"""",""public_domain"":""no"",""image_url"":""""}",1,0,"{""name"":""polygon"",""all_points_x"":[71,105,140,182,193,202,199,179,128,96,71],""all_points_y"":[81,59,50,51,64,77,91,94,99,99,100]}","{""name"":""side_moderate"",""type"":""unknown"",""image_quality"":{""good"":true,""frontal"":true,""good_illumination"":true}}"
side (14).JPEG,11032,"{""caption"":"""",""public_domain"":""no"",""image_url"":""""}",1,0,"{""name"":""polygon"",""all_points_x"":[13,45,66,107,126,171,210,228,222,230,230,212,182,166,143,129,104,62,45,34],""all_points_y"":[112,104,87,80,79,75,81,91,104,127,144,149,145,135,134,145,143,132,133,131]}","{""name"":""side_severe"",""type"":""unknown"",""image_quality"":{""good"":true,""frontal"":true,""good_illumination"":true}}"
side (15).JPEG,9712,"{""caption"":"""",""public_domain"":""no"",""image_url"":""""}",1,0,"{""name"":""polygon"",""all_points_x"":[1,55,73,163,228,264,264,262,261,215,158,102,56,33,27],""all_points_y"":[39,49,3,2,18,54,90,141,160,167,167,156,153,155,154]}","{""name"":""side_severe"",""type"":""unknown"",""image_quality"":{""good"":true,""frontal"":true,""good_illumination"":true}}"