{"damaged (1).JPEG8462":{"fileref":"","size":8462,"filename":"damaged (1).JPEG","base64_img_data":"","file_attributes":{},"regions":{"0":{"shape_attributes":{"name":"polygon","all_points_x":[40,40,43,57,99,103,122,144,160,178,185,191,200,161,144,130,101,91,77,50,43,41,40],"all_points_y":[105,119,134,154,178,196,196,190,183,179,177,149,132,110,103,103,89,88,103,109,97,88,105]},"region_attributes":{}}}},"damaged (2).JPEG8327":{"fileref":"","size":8327,"filename":"damaged (2).JPEG","base64_img_data":"","file_attributes":{},"regions":{"0":{"shape_attributes":{"name":"ellipse","cx":165,"cy":100,"rx":15,"ry":15},"region_attributes":{}},"1":{"shape_attributes":{"name":"polygon","all_points_x":[62,43,35,36,40,63,81,99,124,84,62],"all_points_y":[85,84,77,99,109,112,112,109,91,87,85]},"region_attributes":{}}}},"damaged (3).JPEG9451":{"fileref":"","size":9451,"filename":"damaged (3).JPEG","base64_img_data":"","file_attributes":{},"regions":{"0":{"shape_attributes":{"name":"polygon","all_points_x":[120,142,163,178,213,243,265,269,277,271,271,266,251,231,212,207,189,189,189,187,175,167,150,139,138,131,126,120],"all_points_y":[112,98,100,98,98,88,82,91,99,117,131,137,147,155,157,144,141,148,151,153,160,161,155,148,148,142,129,112]},"region_attributes":{}}}},"damaged (4).JPEG9154":{"fileref":"","size":9154,"filename":"damaged (4).JPEG","base64_img_data":"","file_attributes":{},"regions":{"0":{"shape_attributes":{"name":"polygon","all_points_x":[120,139,149,138,142,150,164,175,194,212,222,231,243,252,257,254,249,238,245,242,224,215,197,172,138,127,117,120],"all_points_y":[93,113,126,135,146,168,182,184,182,171,171,158,144,119,107,75,64,57,65,76,83,89,86,75,64,64,81,93]},"region_attributes":{}}}},"damaged (5).JPEG11309":{"fileref":"","size":11309,"filename":"damaged (5).JPEG","base64_img_data":"","file_attributes":{},"regions":{"0":{"shape_attributes":{"name":"polygon","all_points_x":[8,16,28,67,93,111,115,125,125,125,119,101,71,37,29,19,3,3,7,9,9,9,7],"all_points_y":[101,79,70,70,73,89,97,125,132,143,146,146,143,143,145,146,143,121,99,98,98,99,103]},"region_attributes":{}}}},"damaged (6).JPEG9781":{"fileref":"","size":9781,"filename":"damaged (6).JPEG","base64_img_data":"","file_attributes":{},"regions":{"0":{"shape_attributes":{"name":"polygon","all_points_x":[16,21,30,37,48,70,135,167,179,187,175,183,175,160,122,97,72,53,25,16,13,16],"all_points_y":[94,81,74,65,48,45,47,49,61,83,83,104,119,147,157,156,154,149,144,129,113,94]},"region_attributes":{}}}},"damaged (7).JPEG7122":{"fileref":"","size":7122,"filename":"damaged (7).JPEG","base64_img_data":"","file_attributes":{},"regions":{"0":{"shape_attributes":{"name":"polygon","all_points_x":[76,72,90,108,175,223,231,226,215,213,204,198,191,152,97,88,77,76],"all_points_y":[78,99,110,120,132,142,123,101,83,70,62,54,55,53,52,54,75,78]},"region_attributes":{}}}},"damaged (8).JPEG9804":{"fileref":"","size":9804,"filename":"damaged (8).JPEG","base64_img_data":"","file_attributes":{},"regions":{"0":{"shape_attributes":{"name":"polygon","all_points_x":[1,0,2,13,41,72,102,97,102,163,193,203,222,223,220,204,202,166,137,81,9,2,1],"all_points_y":[83,143,159,162,183,176,187,206,212,203,193,189,162,129,121,91,69,62,60,68,73,75,83]},"region_attributes":{}}}},"damaged (9).JPEG14052":{"fileref":"","size":14052,"filename":"damaged (9).JPEG","base64_img_data":"","file_attributes":{},"regions":{"0":{"shape_attributes":{"name":"polygon","all_points_x":[2,14,56,69,76,101,114,107,97,83,82,105,100,87,61,42,32,0,2],"all_points_y":[107,110,114,101,82,72,92,105,115,117,123,134,140,145,142,136,134,126,107]},"region_attributes":{}}}},"damaged (10).JPEG11458":{"fileref":"","size":11458,"filename":"damaged (10).JPEG","base64_img_data":"","file_attributes":{},"regions":{"0":{"shape_attributes":{"name":"polygon","all_points_x":[7,18,32,52,56,47,44,68,109,128,141,151,169,181,191,203,208,208,198,182,166,167,162,144,123,109,98,74,43,29,16,10,13,19,25,25,10,7],"all_points_y":[119,99,94,78,69,43,28,25,31,52,73,71,47,43,39,76,99,113,119,128,134,146,153,156,146,150,153,153,150,150,156,153,149,143,131,125,128,119]},"region_attributes":{}}}},"damaged (11).JPEG8794":{"fileref":"","size":8794,"filename":"damaged (11).JPEG","base64_img_data":"","file_attributes":{},"regions":{"0":{"shape_attributes":{"name":"polygon","all_points_x":[77,87,87,95,112,124,136,172,196,230,250,247,248,243,216,191,156,131,113,77],"all_points_y":[93,110,123,142,148,159,158,150,144,125,101,84,75,62,58,65,86,82,75,93]},"region_attributes":{}}}},"damaged (12).JPEG11897":{"fileref":"","size":11897,"filename":"damaged (12).JPEG","base64_img_data":"","file_attributes":{},"regions":{"0":{"shape_attributes":{"name":"polygon","all_points_x":[88,103,120,125,141,180,231,243,255,258,262,261,255,232,171,101,83,88],"all_points_y":[94,69,51,38,39,39,44,58,93,117,129,141,148,153,151,145,137,94]},"region_attributes":{}}}},"damaged (13).JPEG10836":{"fileref":"","size":10836,"filename":"damaged (13).JPEG","base64_img_data":"","file_attributes":{},"regions":{"0":{"shape_attributes":{"name":"polygon","all_points_x":[174,177,182,220,236,243,246,248,254,257,252,248,198,176,177,179,174],"all_points_y":[72,60,55,54,56,61,72,81,95,108,110,113,110,109,92,82,72]},"region_attributes":{}}}},"damaged (14).JPEG10417":{"fileref":"","size":10417,"filename":"damaged (14).JPEG","base64_img_data":"","file_attributes":{},"regions":{"0":{"shape_attributes":{"name":"polygon","all_points_x":[69,79,70,34,33,49,73,64,77,91,100,113,141,167,175,187,205,211,223,242,258,277,284,286,288,272,265,260,243,200,177,135,86,69],"all_points_y":[44,73,80,85,111,122,121,145,156,156,135,118,111,127,139,140,145,147,149,149,137,130,127,127,117,94,79,66,59,45,49,63,58,44]},"region_attributes":{}}}},"damaged (15).JPEG7871":{"fileref":"","size":7871,"filename":"damaged (15).JPEG","base64_img_data":"","file_attributes":{},"regions":{"0":{"shape_attributes":{"name":"polygon","all_points_x":[87,152,181,197,211,215,232,199,178,140,110,86,87],"all_points_y":[81,71,54,45,63,87,103,130,115,114,123,78,81]},"region_attributes":{}},"1":{"shape_attributes":{"name":"circle","cx":25,"cy":91,"r":18},"region_attributes":{}}}},"damaged (16).JPEG7153":{"fileref":"","size":7153,"filename":"damaged (16).JPEG","base64_img_data":"","file_attributes":{},"regions":{"0":{"shape_attributes":{"name":"polygon","all_points_x":[67,96,101,134,167,175,203,213,232,229,216,215,214,204,192,188,179,166,152,116,99,86,85,78,68,68,62,64,66,68],"all_points_y":[72,80,87,91,84,82,74,67,67,82,98,112,121,124,122,115,118,126,125,124,121,119,121,120,115,105,102,89,78,72]},"region_attributes":{}},"1":{"shape_attributes":{"name":"rect","x":162,"y":57,"width":24,"height":13},"region_attributes":{}}}},"damaged (17).JPEG10525":{"fileref":"","size":10525,"filename":"damaged (17).JPEG","base64_img_data":"","file_attributes":{},"regions":{"0":{"shape_attributes":{"name":"polygon","all_points_x":[95,149,205,243,265,263,261,233,173,130,102,103,101,91,103,87,65,49,100,98,98,98,93],"all_points_y":[2,4,4,33,67,156,175,179,181,181,179,146,106,68,41,39,22,4,4,3,2,2,3]},"region_attributes":{}}}},"damaged (18).JPEG9621":{"fileref":"","size":9621,"filename":"damaged (18).JPEG","base64_img_data":"","file_attributes":{},"regions":{"0":{"shape_attributes":{"name":"polygon","all_points_x":[70,121,146,159,116,120,156,161,161,92,73,59,62,67,66],"all_points_y":[42,22,47,70,77,107,105,126,142,134,117,95,68,39,44]},"region_attributes":{}}}},"damaged (19).jpeg7358":{"fileref":"","size":7358,"filename":"damaged (19).jpeg","base64_img_data":"","file_attributes":{},"regions":{"0":{"shape_attributes":{"name":"polygon","all_points_x":[35,59,84,98,113,135,135,123,137,163,167,175,197,227,229,231,235,247,243,237,227,209,135,75,45,36,9,6,11,21,35],"all_points_y":[40,55,44,30,28,26,37,41,45,49,64,64,49,29,42,69,74,98,119,133,140,150,156,156,146,139,130,87,74,46,40]},"region_attributes":{}}}},"damaged (20).JPEG7872":{"fileref":"","size":7872,"filename":"damaged (20).JPEG","base64_img_data":"","file_attributes":{},"regions":{"0":{"shape_attributes":{"name":"polygon","all_points_x":[117,133,148,154,156,157,139,136,135,129,113,102,97,114,117],"all_points_y":[55,63,72,92,117,128,127,114,97,84,73,66,66,54,55]},"region_attributes":{}},"1":{"shape_attributes":{"name":"ellipse","cx":59,"cy":50,"rx":21,"ry":15},"region_attributes":{}}}},"damaged (21).JPEG6096":{"fileref":"","size":6096,"filename":"damaged (21).JPEG","base64_img_data":"","file_attributes":{},"regions":{"0":{"shape_attributes":{"name":"rect","x":118,"y":41,"width":56,"height":60},"region_attributes":{}}}},"damaged (22).JPEG9779":{"fileref":"","size":9779,"filename":"damaged (22).JPEG","base64_img_data":"","file_attributes":{},"regions":{"0":{"shape_attributes":{"name":"polygon","all_points_x":[80,92,92,99,98,117,146,148,166,172,175,178,178,169,153,145,139,139,132,125,112,105,99,99,94,87,75,70,78,73,80],"all_points_y":[86,88,101,110,117,117,123,135,153,173,182,188,190,186,178,168,164,147,138,135,129,131,131,137,156,158,149,138,117,101,86]},"region_attributes":{}}}},"damaged (23).JPEG6559":{"fileref":"","size":6559,"filename":"damaged (23).JPEG","base64_img_data":"","file_attributes":{},"regions":{"0":{"shape_attributes":{"name":"ellipse","cx":146,"cy":82,"rx":38,"ry":27},"region_attributes":{}}}},"damaged (24).JPEG11346":{"fileref":"","size":11346,"filename":"damaged (24).JPEG","base64_img_data":"","file_attributes":{},"regions":{"0":{"shape_attributes":{"name":"polygon","all_points_x":[10,41,56,60,75,54,37,46,69,78,98,120,136,136,116,102,102,106,123,142,166,187,212,228,221,231,240,233,224,225,208,208,201,198,200,191,178,171,167,166,168,173,190,191,190,198,195,182,174,168,162,157,149,144,131,119,92,55,22,10,10],"all_points_y":[36,48,52,65,83,88,80,97,104,101,115,117,120,123,134,138,140,145,160,166,174,181,182,180,174,172,171,157,155,149,149,141,133,137,141,141,126,118,108,105,102,102,100,96,86,83,78,75,67,71,57,43,41,38,37,31,25,24,26,28,36]},"region_attributes":{}}}},"damaged (25).JPEG9960":{"fileref":"","size":9960,"filename":"damaged (25).JPEG","base64_img_data":"","file_attributes":{},"regions":{"0":{"shape_attributes":{"name":"rect","x":80,"y":73,"width":71,"height":86},"region_attributes":{}}}},"front (1).jpeg12035":{"fileref":"","size":12035,"filename":"front (1).jpeg","base64_img_data":"","file_attributes":{},"regions":{"0":{"shape_attributes":{"name":"polygon","all_points_x":[87,92,126,140,146,152,159,165,177,183,184,186,186,189,192,191,187,168,164,135,100,83,73,66,69,71,78,88,87],"all_points_y":[77,83,84,84,81,74,68,67,68,83,90,102,104,107,110,132,142,137,130,128,128,127,124,118,108,100,92,75,77]},"region_attributes":{}}}},"front (2).JPEG14665":{"fileref":"","size":14665,"filename":"front (2).JPEG","base64_img_data":"","file_attributes":{},"regions":{"0":{"shape_attributes":{"name":"polygon","all_points_x":[64,75,89,111,172,170,178,199,205,226,239,238,227,216,187,110,68,64],"all_points_y":[52,71,79,84,109,121,129,154,156,139,122,95,60,39,27,27,48,52]},"region_attributes":{}},"1":{"shape_attributes":{"name":"circle","cx":27,"cy":47,"r":22},"region_attributes":{}}}},"front (3).JPEG10764":{"fileref":"","size":10764,"filename":"front (3).JPEG","base64_img_data":"","file_attributes":{},"regions":{"0":{"shape_attributes":{"name":"polygon","all_points_x":[13,51,87,112,127,156,172,178,178,178,177,158,124,104,89,58,64,57,31,26,19,13],"all_points_y":[118,117,118,103,103,113,118,123,239,254,268,257,267,268,268,268,233,196,182,159,134,118]},"region_attributes":{}}}},"front (4).JPEG5614":{"fileref":"","size":5614,"filename":"front (4).JPEG","base64_img_data":"","file_attributes":{},"regions":{"0":{"shape_attributes":{"name":"polygon","all_points_x":[77,102,147,160,175,181,197,216,218,226,224,212,196,171,163,137,129,106,96,83,83,112,135,142,140,77],"all_points_y":[32,43,63,66,62,52,51,51,61,68,91,107,124,135,142,150,139,136,124,96,89,86,81,80,72,32]},"region_attributes":{}},"1":{"shape_attributes":{"name":"rect","x":3,"y":33,"width":35,"height":55},"region_attributes":{}}}},"front (5).JPEG8793":{"fileref":"","size":8793,"filename":"front (5).JPEG","base64_img_data":"","file_attributes":{},"regions":{"0":{"shape_attributes":{"name":"polygon","all_points_x":[124,149,168,186,193,211,226,237,220,160,131,124,118,124],"all_points_y":[2,2,25,31,43,61,76,93,107,99,87,68,36,2]},"region_attributes":{}}}},"front (6).JPEG10901":{"fileref":"","size":10901,"filename":"front (6).JPEG","base64_img_data":"","file_attributes":{},"regions":{"0":{"shape_attributes":{"name":"polygon","all_points_x":[12,40,70,106,119,123,136,144,150,133,122,82,59,60,64,94,103,50,35,12],"all_points_y":[103,90,76,77,69,47,69,93,119,166,205,233,222,202,193,179,153,147,124,103]},"region_attributes":{}},"1":{"shape_attributes":{"name":"ellipse","cx":87,"cy":51,"rx":31,"ry":24},"region_attributes":{}}}},"front (7).JPEG9107":{"fileref":"","size":9107,"filename":"front (7).JPEG","base64_img_data":"","file_attributes":{},"regions":{"0":{"shape_attributes":{"name":"polygon","all_points_x":[64,100,136,150,175,182,195,202,211,221,206,182,165,142,151,148,127,86,61,67,64],"all_points_y":[73,72,75,72,86,90,87,87,101,118,126,141,146,147,131,119,108,90,78,71,73]},"region_attributes":{}}}},"front (8).jpeg8828":{"fileref":"","size":8828,"filename":"front (8).jpeg","base64_img_data":"","file_attributes":{},"regions":{"0":{"shape_attributes":{"name":"polygon","all_points_x":[17,52,82,115,141,203,218,235,241,247,210,136,84,67,31,31,69,95,109,111,84,48,21,14,17],"all_points_y":[42,49,55,71,78,72,77,79,81,105,135,147,141,118,117,108,108,115,115,91,88,73,57,40,42]},"region_attributes":{}}}},"front (9).JPEG9626":{"fileref":"","size":9626,"filename":"front (9).JPEG","base64_img_data":"","file_attributes":{},"regions":{"0":{"shape_attributes":{"name":"polygon","all_points_x":[90,126,170,211,226,229,218,207,171,120,85,90],"all_points_y":[51,55,61,78,82,89,97,94,78,68,56,51]},"region_attributes":{}}}},"front (10).JPEG10606":{"fileref":"","size":10606,"filename":"front (10).JPEG","base64_img_data":"","file_attributes":{},"regions":{"0":{"shape_attributes":{"name":"polygon","all_points_x":[73,109,124,164,157,168,165,159,146,125,124,101,71,57,59,65,67,73],"all_points_y":[84,84,86,83,96,101,115,131,138,132,117,124,121,114,103,97,85,84]},"region_attributes":{}}}},"front (11).JPEG13138":{"fileref":"","size":13138,"filename":"front (11).JPEG","base64_img_data":"","file_attributes":{},"regions":{"0":{"shape_attributes":{"name":"polygon","all_points_x":[60,82,118,130,138,161,171,193,194,174,162,159,159,159,163,149,148,148,141,125,67,47,47,48,60],"all_points_y":[56,41,21,9,6,12,26,42,59,66,77,84,93,93,96,106,129,154,170,166,136,114,100,65,56]},"region_attributes":{}}}},"front (12).jpeg10457":{"fileref":"","size":10457,"filename":"front (12).jpeg","base64_img_data":"","file_attributes":{},"regions":{"0":{"shape_attributes":{"name":"polygon","all_points_x":[101,124,142,158,174,196,206,206,227,235,236,220,199,166,143,143,143,162,182,151,149,143,130,130,114,100,95,101],"all_points_y":[90,97,98,105,111,113,126,129,132,128,142,157,174,183,180,174,169,170,170,158,136,132,129,129,111,104,90,90]},"region_attributes":{}}}},"front (13).JPEG7374":{"fileref":"","size":7374,"filename":"front (13).JPEG","base64_img_data":"","file_attributes":{},"regions":{"0":{"shape_attributes":{"name":"rect","x":8,"y":80,"width":261,"height":92},"region_attributes":{}}}},"front (14).JPEG9742":{"fileref":"","size":9742,"filename":"front (14).JPEG","base64_img_data":"","file_attributes":{},"regions":{"0":{"shape_attributes":{"name":"polygon","all_points_x":[124,133,136,135,135,166,186,194,192,191,156,141,120,113,108,117,119,122,124],"all_points_y":[78,78,78,73,66,57,68,99,111,126,127,116,117,115,100,102,86,76,78]},"region_attributes":{}}}},"front (15).JPEG11592":{"fileref":"","size":11592,"filename":"front (15).JPEG","base64_img_data":"","file_attributes":{},"regions":{"0":{"shape_attributes":{"name":"polygon","all_points_x":[15,73,101,126,152,182,186,183,168,166,164,148,127,119,76,76,71,44,30,21,20,17,15,14,15],"all_points_y":[79,79,84,74,67,77,96,142,128,141,149,153,156,157,148,159,172,173,173,166,142,115,84,76,79]},"region_attributes":{}},"1":{"shape_attributes":{"name":"rect","x":28,"y":24,"width":149,"height":39},"region_attributes":{}}}},"front (16).JPEG11461":{"fileref":"","size":11461,"filename":"front (16).JPEG","base64_img_data":"","file_attributes":{},"regions":{"0":{"shape_attributes":{"name":"rect","x":223,"y":87,"width":34,"height":35},"region_attributes":{}},"1":{"shape_attributes":{"name":"circle","cx":227,"cy":78,"r":10},"region_attributes":{}}}},"front (17).JPEG10598":{"fileref":"","size":10598,"filename":"front (17).JPEG","base64_img_data":"","file_attributes":{},"regions":{"0":{"shape_attributes":{"name":"polygon","all_points_x":[121,140,171,189,212,239,224,196,183,170,130,86,124,119],"all_points_y":[56,36,19,9,9,14,28,36,58,64,74,68,53,56]},"region_attributes":{}}}},"front (18).JPEG11306":{"fileref":"","size":11306,"filename":"front (18).JPEG","base64_img_data":"","file_attributes":{},"regions":{"0":{"shape_attributes":{"name":"polygon","all_points_x":[37,96,127,143,196,227,248,253,242,213,174,130,105,99,88,124,105,55,36,37],"all_points_y":[49,29,15,1,10,31,55,72,112,155,171,179,163,137,129,124,105,80,55,49]},"region_attributes":{}}}},"front (19).JPEG8630":{"fileref":"","size":8630,"filename":"front (19).JPEG","base64_img_data":"","file_attributes":{},"regions":{"0":{"shape_attributes":{"name":"polygon","all_points_x":[78,127,145,176,212,220,228,227,195,171,114,91,68,75,78],"all_points_y":[57,64,64,64,57,56,68,79,82,86,88,73,69,58,57]},"region_attributes":{}}}},"front (20).jpeg8416":{"fileref":"","size":8416,"filename":"front (20).jpeg","base64_img_data":"","file_attributes":{},"regions":{"0":{"shape_attributes":{"name":"polygon","all_points_x":[77,108,138,162,178,201,197,180,187,192,193,183,145,160,168,164,133,133,119,100,92,82,73,77],"all_points_y":[62,72,83,64,55,46,58,71,72,76,92,96,102,114,115,129,130,117,116,105,95,86,75,62]},"region_attributes":{}}}},"front (21).JPEG8388":{"fileref":"","size":8388,"filename":"front (21).JPEG","base64_img_data":"","file_attributes":{},"regions":{"0":{"shape_attributes":{"name":"polygon","all_points_x":[6,46,96,111,125,103,83,38,1,1,6],"all_points_y":[67,67,41,39,45,90,108,107,104,76,67]},"region_attributes":{}},"1":{"shape_attributes":{"name":"polygon","all_points_x":[127,158,186,195,195,193,187,181,173,163,143,119,117,121,127],"all_points_y":[35,12,4,20,49,76,105,83,63,61,66,82,73,62,35]},"region_attributes":{}}}},"front (22).JPEG10719":{"fileref":"","size":10719,"filename":"front (22).JPEG","base64_img_data":"","file_attributes":{},"regions":{"0":{"shape_attributes":{"name":"polygon","all_points_x":[24,42,63,73,103,137,159,168,192,193,190,183,174,168,167,167,139,120,118,103,95,90,76,52,43,38,34,28,24],"all_points_y":[98,110,108,108,93,84,79,79,83,96,132,137,138,127,119,107,106,125,130,159,159,168,162,162,148,135,118,108,98]},"region_attributes":{}},"1":{"shape_attributes":{"name":"circle","cx":87,"cy":58,"r":13},"region_attributes":{}}}},"front (23).JPEG11345":{"fileref":"","size":11345,"filename":"front (23).JPEG","base64_img_data":"","file_attributes":{},"regions":{"0":{"shape_attributes":{"name":"polygon","all_points_x":[104,129,143,154,170,205,230,232,249,249,249,242,230,194,160,144,127,118,106,99,110,133,140,137,120,109,100,104],"all_points_y":[73,75,93,106,106,102,96,85,96,112,138,143,153,161,166,167,155,134,118,106,103,103,103,99,90,81,76,73]},"region_attributes":{}}}},"front (24).JPEG7984":{"fileref":"","size":7984,"filename":"front (24).JPEG","base64_img_data":"","file_attributes":{},"regions":{"0":{"shape_attributes":{"name":"polygon","all_points_x":[50,74,93,131,172,186,178,152,132,101,92,74,61,54,50],"all_points_y":[133,130,127,135,134,144,170,196,180,189,190,198,181,151,133]},"region_attributes":{}}}},"front (25).jpeg11516":{"fileref":"","size":11516,"filename":"front (25).jpeg","base64_img_data":"","file_attributes":{},"regions":{"0":{"shape_attributes":{"name":"polygon","all_points_x":[13,29,57,65,67,67,104,154,130,94,70,57,51,50,46,9,2,1,4,5,13],"all_points_y":[64,56,49,49,56,66,63,60,66,72,79,96,109,123,135,127,116,105,92,80,64]},"region_attributes":{}}}},"moderate (1).JPEG12871":{"fileref":"","size":12871,"filename":"moderate (1).JPEG","base64_img_data":"","file_attributes":{},"regions":{"0":{"shape_attributes":{"name":"polygon","all_points_x":[62,64,95,145,163,174,143,133,159,176,195,226,243,245,209,184,208,174,145,95,62],"all_points_y":[43,89,105,126,131,164,179,199,199,199,171,197,134,69,72,68,60,39,14,30,43]},"region_attributes":{}},"1":{"shape_attributes":{"name":"polygon","all_points_x":[2,43,62,52,60,41,31,15,2,2],"all_points_y":[15,29,33,47,63,100,115,140,147,15]},"region_attributes":{}},"2":{"shape_attributes":{"name":"circle","cx":64,"cy":126,"r":28},"region_attributes":{}}}},"moderate (2).JPEG9298":{"fileref":"","size":9298,"filename":"moderate (2).JPEG","base64_img_data":"","file_attributes":{},"regions":{"0":{"shape_attributes":{"name":"polygon","all_points_x":[47,77,94,76,103,108,89,67,55,50,50,47],"all_points_y":[102,99,98,124,123,138,153,149,139,123,100,102]},"region_attributes":{}}}},"moderate (3).JPEG11875":{"fileref":"","size":11875,"filename":"moderate (3).JPEG","base64_img_data":"","file_attributes":{},"regions":{"0":{"shape_attributes":{"name":"polygon","all_points_x":[54,73,67,70,85,116,213,218,210,201,201,211,231,226,216,216,217,204,169,132,122,119,71,64,76,61,49,53,53,55,55,55,53],"all_points_y":[78,35,15,4,1,1,1,12,19,19,42,53,65,90,96,115,130,123,128,145,154,165,172,139,114,92,77,77,77,75,75,75,80]},"region_attributes":{}}}},"moderate (4).JPEG8779":{"fileref":"","size":8779,"filename":"moderate (4).JPEG","base64_img_data":"","file_attributes":{},"regions":{"0":{"shape_attributes":{"name":"polygon","all_points_x":[60,98,140,146,199,205,214,214,162,137,103,69,52,57,60],"all_points_y":[75,79,90,101,109,89,97,120,143,151,154,133,93,74,75]},"region_attributes":{}},"1":{"shape_attributes":{"name":"circle","cx":154,"cy":55,"r":19},"region_attributes":{}}}},"moderate (5).JPEG10714":{"fileref":"","size":10714,"filename":"moderate (5).JPEG","base64_img_data":"","file_attributes":{},"regions":{"0":{"shape_attributes":{"name":"rect","x":65,"y":84,"width":126,"height":55},"region_attributes":{}}}},"moderate (6).JPEG8312":{"fileref":"","size":8312,"filename":"moderate (6).JPEG","base64_img_data":"","file_attributes":{},"regions":{"0":{"shape_attributes":{"name":"polygon","all_points_x":[29,45,75,89,176,268,270,226,187,154,118,78,49,29],"all_points_y":[96,90,83,53,57,60,105,135,160,153,153,139,144,96]},"region_attributes":{}}}},"moderate (7).JPEG10333":{"fileref":"","size":10333,"filename":"moderate (7).JPEG","base64_img_data":"","file_attributes":{},"regions":{"0":{"shape_attributes":{"name":"polygon","all_points_x":[80,106,118,142,165,172,173,158,144,131,123,127,139,138,127,112,88,80],"all_points_y":[82,123,137,138,122,99,81,60,42,42,49,59,81,91,102,100,85,82]},"region_attributes":{}},"1":{"shape_attributes":{"name":"polygon","all_points_x":[1,17,31,65,88,103,105,78,54,30,14,2,2,2,1],"all_points_y":[74,61,60,55,44,35,30,42,39,32,28,25,68,71,74]},"region_attributes":{}},"2":{"shape_attributes":{"name":"ellipse","cx":67,"cy":79,"rx":13,"ry":10},"region_attributes":{}}}},"moderate (8).JPEG12845":{"fileref":"","size":12845,"filename":"moderate (8).JPEG","base64_img_data":"","file_attributes":{},"regions":{"0":{"shape_attributes":{"name":"circle","cx":141,"cy":89,"r":64},"region_attributes":{}}}},"moderate (9).JPEG8037":{"fileref":"","size":8037,"filename":"moderate (9).JPEG","base64_img_data":"","file_attributes":{},"regions":{"0":{"shape_attributes":{"name":"polygon","all_points_x":[73,87,92,113,169,206,216,218,170,124,100,79,72,73,74,74,82,82,73],"all_points_y":[100,66,30,18,19,45,86,111,143,158,152,151,110,96,96,96,77,77,101]},"region_attributes":{}}}},"moderate (10).JPEG10305":{"fileref":"","size":10305,"filename":"moderate (10).JPEG","base64_img_data":"","file_attributes":{},"regions":{"0":{"shape_attributes":{"name":"polygon","all_points_x":[9,27,34,63,105,190,196,207,205,207,166,151,85,29,9],"all_points_y":[111,104,72,34,2,1,6,42,76,84,108,190,182,124,111]},"region_attributes":{}}}},"moderate (11).JPEG12148":{"fileref":"","size":12148,"filename":"moderate (11).JPEG","base64_img_data":"","file_attributes":{},"regions":{"0":{"shape_attributes":{"name":"polygon","all_points_x":[4,41,63,67,70,89,121,133,139,136,126,102,77,59,41,12,19,62,83,82,78,74,68,71,73,84,95,97,97,87,87,86,74,61,38,20,5,0,4],"all_points_y":[64,75,75,69,66,63,55,54,56,64,65,74,86,87,87,73,84,93,94,99,107,123,129,138,131,130,126,134,139,150,155,168,171,163,145,130,116,69,64]},"region_attributes":{}},"1":{"shape_attributes":{"name":"polygon","all_points_x":[151,148,146,148,148,149,155,157,157,148,150,150,150,150,148,148,149,152],"all_points_y":[72,82,92,101,111,120,102,85,67,75,74,74,76,76,74,74,74,70]},"region_attributes":{}}}},"moderate (12).JPEG10679":{"fileref":"","size":10679,"filename":"moderate (12).JPEG","base64_img_data":"","file_attributes":{},"regions":{"0":{"shape_attributes":{"name":"polygon","all_points_x":[40,76,118,188,236,231,214,222,226,221,189,186,186,187,45,10,1,0,1,18,40],"all_points_y":[41,42,43,46,52,69,99,100,111,121,125,137,150,163,162,148,124,90,75,63,41]},"region_attributes":{}},"1":{"shape_attributes":{"name":"rect","x":32,"y":0,"width":71,"height":38},"region_attributes":{}}}},"moderate (13).jpeg9987":{"fileref":"","size":9987,"filename":"moderate (13).jpeg","base64_img_data":"","file_attributes":{},"regions":{"0":{"shape_attributes":{"name":"polygon","all_points_x":[37,30,21,20,19,19,27,49,95,125,133,159,163,167,179,195,219,225,242,217,190,199,168,148,148,166,172,205,166,112,65,32,32,34,37],"all_points_y":[44,49,62,81,98,123,142,146,153,150,150,135,109,95,111,111,108,105,97,92,65,48,49,58,44,35,23,9,3,11,26,28,38,42,44]},"region_attributes":{}}}},"moderate (14).JPEG11172":{"fileref":"","size":11172,"filename":"moderate (14).JPEG","base64_img_data":"","file_attributes":{},"regions":{"0":{"shape_attributes":{"name":"polygon","all_points_x":[102,148,154,163,190,200,210,217,208,237,219,193,197,182,167,166,153,152,129,131,131,128,124,109,117,117,108,103,102],"all_points_y":[95,72,50,42,37,37,66,82,91,112,119,119,124,131,126,113,109,112,120,124,126,130,133,132,117,110,110,105,95]},"region_attributes":{}},"1":{"shape_attributes":{"name":"ellipse","cx":53,"cy":126,"rx":28,"ry":12},"region_attributes":{}}}},"moderate (15).JPEG10586":{"fileref":"","size":10586,"filename":"moderate (15).JPEG","base64_img_data":"","file_attributes":{},"regions":{"0":{"shape_attributes":{"name":"polygon","all_points_x":[98,125,123,142,207,220,223,229,239,250,250,247,235,241,243,248,250,237,227,223,202,196,194,177,161,142,143,122,100,94,91,82,81,87,99,97,98,96],"all_points_y":[90,72,60,44,39,42,53,66,69,87,99,112,120,124,128,133,134,137,135,136,140,150,162,180,168,144,126,120,116,98,109,114,90,85,85,88,88,91]},"region_attributes":{}},"1":{"shape_attributes":{"name":"polygon","all_points_x":[102,120,122,137,170,162,106,102],"all_points_y":[41,56,60,46,40,35,40,41]},"region_attributes":{}}}},"moderate (16).JPEG9487":{"fileref":"","size":9487,"filename":"moderate (16).JPEG","base64_img_data":"","file_attributes":{},"regions":{"0":{"shape_attributes":{"name":"polygon","all_points_x":[78,169,192,193,163,156,155,184,192,192,199,211,205,188,165,137,126,86,56,56,64,70,64,64,64,68,73,78],"all_points_y":[49,57,63,74,80,87,99,91,102,125,118,116,131,146,152,150,140,125,114,105,108,98,96,79,67,56,50,49]},"region_attributes":{}}}},"moderate (17).JPEG5351":{"fileref":"","size":5351,"filename":"moderate (17).JPEG","base64_img_data":"","file_attributes":{},"regions":{"0":{"shape_attributes":{"name":"polygon","all_points_x":[79,99,117,142,172,207,243,273,273,273,260,131,71,71,69,77,79],"all_points_y":[88,51,31,26,43,55,76,86,141,181,181,180,158,128,101,85,88]},"region_attributes":{}}}},"moderate (18).JPEG12756":{"fileref":"","size":12756,"filename":"moderate (18).JPEG","base64_img_data":"","file_attributes":{},"regions":{"0":{"shape_attributes":{"name":"polygon","all_points_x":[61,85,107,120,136,153,174,194,201,190,181,191,218,209,194,174,166,155,139,143,145,86,51,51,57,61],"all_points_y":[52,54,57,44,42,36,39,40,46,52,59,67,77,101,85,89,94,105,122,132,145,124,106,81,75,52]},"region_attributes":{}}}},"moderate (19).JPEG9298":{"fileref":"","size":9298,"filename":"moderate (19).JPEG","base64_img_data":"","file_attributes":{},"regions":{"0":{"shape_attributes":{"name":"polygon","all_points_x":[25,43,59,76,90,111,118,131,151,169,175,190,202,210,232,232,220,220,226,235,241,246,240,231,205,187,174,167,157,157,147,134,112,117,118,115,101,96,95,92,81,68,58,58,57,46,36,31,26,25],"all_points_y":[102,95,93,88,79,67,61,61,61,65,69,72,78,51,48,55,63,73,81,86,90,102,106,90,89,86,80,87,95,105,114,116,117,131,135,136,136,138,115,101,101,99,117,124,127,128,124,113,114,102]},"region_attributes":{}}}},"moderate (20).JPEG10071":{"fileref":"","size":10071,"filename":"moderate (20).JPEG","base64_img_data":"","file_attributes":{},"regions":{"0":{"shape_attributes":{"name":"polygon","all_points_x":[12,23,26,22,22,22,41,41,44,44,50,51,51,52,55,68,84,88,107,110,112,115,115,112,102,109,111,88,50,11,12],"all_points_y":[63,72,83,106,120,126,120,101,111,113,119,126,133,140,140,134,127,117,123,130,137,137,130,112,90,55,40,33,42,58,63]},"region_attributes":{}}}},"moderate (21).JPEG8455":{"fileref":"","size":8455,"filename":"moderate (21).JPEG","base64_img_data":"","file_attributes":{},"regions":{"0":{"shape_attributes":{"name":"polygon","all_points_x":[61,58,61,64,76,74,79,85,88,99,110,119,149,162,188,197,200,221,236,241,238,228,225,208,204,193,193,178,134,87,61],"all_points_y":[69,73,89,100,110,125,129,134,140,144,147,151,156,157,161,161,160,131,93,79,64,51,66,82,93,56,49,45,47,60,69]},"region_attributes":{}}}},"moderate (22).JPEG8444":{"fileref":"","size":8444,"filename":"moderate (22).JPEG","base64_img_data":"","file_attributes":{},"regions":{"0":{"shape_attributes":{"name":"polygon","all_points_x":[48,110,139,159,182,182,166,164,183,183,178,179,152,141,40,26,32,48],"all_points_y":[76,87,69,69,70,77,88,95,102,118,133,138,145,145,120,116,93,76]},"region_attributes":{}}}},"moderate (23).JPEG12629":{"fileref":"","size":12629,"filename":"moderate (23).JPEG","base64_img_data":"","file_attributes":{},"regions":{"0":{"shape_attributes":{"name":"polygon","all_points_x":[15,25,21,22,33,79,101,140,160,173,220,217,225,216,204,195,201,237,258,255,241,225,215,179,173,175,195,199,205,205,186,164,140,131,118,103,81,60,41,13,1,2,18,60,19,12,12,12,18,15,17,17,17,17,17,17,18,15],"all_points_y":[65,52,48,31,13,6,7,16,7,2,2,7,19,44,88,106,106,103,106,119,132,140,142,128,127,131,142,145,150,165,177,167,149,142,144,146,149,149,151,156,144,136,135,123,121,119,89,66,62,63,63,60,60,60,60,60,63,65]},"region_attributes":{}}}},"moderate (24).JPEG10640":{"fileref":"","size":10640,"filename":"moderate (24).JPEG","base64_img_data":"","file_attributes":{},"regions":{"0":{"shape_attributes":{"name":"polygon","all_points_x":[93,112,134,154,183,191,205,211,213,205,197,171,143,105,93],"all_points_y":[44,58,69,76,85,98,97,91,83,73,59,49,38,42,44]},"region_attributes":{}},"1":{"shape_attributes":{"name":"polygon","all_points_x":[157,161,167,216,227,225,221,216,180,157],"all_points_y":[95,113,119,117,107,92,81,87,101,95]},"region_attributes":{}}}},"moderate (25).JPEG9496":{"fileref":"","size":9496,"filename":"moderate (25).JPEG","base64_img_data":"","file_attributes":{},"regions":{"0":{"shape_attributes":{"name":"polygon","all_points_x":[68,93,134,141,107,91,115,125,127,138,150,150,145,121,106,94,84,55,34,29,19,13,1,4,20,31,51,68],"all_points_y":[42,46,57,66,74,83,90,90,100,104,106,110,118,107,115,132,150,142,131,122,124,115,98,75,55,52,46,42]},"region_attributes":{}},"1":{"shape_attributes":{"name":"circle","cx":196,"cy":98,"r":14},"region_attributes":{}}}},"rear (1).JPEG7047":{"fileref":"","size":7047,"filename":"rear (1).JPEG","base64_img_data":"","file_attributes":{},"regions":{"0":{"shape_attributes":{"name":"ellipse","cx":154,"cy":85,"rx":59,"ry":59},"region_attributes":{}}}},"rear (2).JPEG8088":{"fileref":"","size":8088,"filename":"rear (2).JPEG","base64_img_data":"","file_attributes":{},"regions":{"0":{"shape_attributes":{"name":"polygon","all_points_x":[29,47,67,124,153,175,206,197,209,218,221,177,176,191,182,162,137,101,73,45,31,22,17,29],"all_points_y":[55,45,44,44,44,44,51,63,75,84,105,112,144,145,152,153,151,148,148,145,138,124,92,55]},"region_attributes":{}}}},"rear (3).JPEG6448":{"fileref":"","size":6448,"filename":"rear (3).JPEG","base64_img_data":"","file_attributes":{},"regions":{"0":{"shape_attributes":{"name":"circle","cx":143,"cy":78,"r":46},"region_attributes":{}}}},"rear (4).JPEG7736":{"fileref":"","size":7736,"filename":"rear (4).JPEG","base64_img_data":"","file_attributes":{},"regions":{"0":{"shape_attributes":{"name":"polygon","all_points_x":[36,78,104,158,172,258,172,36],"all_points_y":[66,137,146,146,135,105,55,66]},"region_attributes":{}}}},"rear (5).JPEG5780":{"fileref":"","size":5780,"filename":"rear (5).JPEG","base64_img_data":"","file_attributes":{},"regions":{"0":{"shape_attributes":{"name":"circle","cx":132,"cy":87,"r":70},"region_attributes":{}}}},"rear (6).JPEG9627":{"fileref":"","size":9627,"filename":"rear (6).JPEG","base64_img_data":"","file_attributes":{},"regions":{"0":{"shape_attributes":{"name":"polygon","all_points_x":[47,49,51,59,56,69,81,85,83,80,79,78,73,56,46,47],"all_points_y":[94,111,129,148,158,158,154,136,124,121,111,94,85,86,95,93]},"region_attributes":{}}}},"rear (7).JPEG8301":{"fileref":"","size":8301,"filename":"rear (7).JPEG","base64_img_data":"","file_attributes":{},"regions":{"0":{"shape_attributes":{"name":"polygon","all_points_x":[29,34,36,20,71,100,121,148,162,168,166,163,150,130,101,72,69,75,66,50,39,32,29],"all_points_y":[152,180,204,210,190,206,230,245,243,240,63,57,44,43,60,68,75,78,95,116,131,148,152]},"region_attributes":{}}}},"rear (8).JPEG7295":{"fileref":"","size":7295,"filename":"rear (8).JPEG","base64_img_data":"","file_attributes":{},"regions":{"0":{"shape_attributes":{"name":"polygon","all_points_x":[16,113,197,241,259,257,226,197,130,99,69,38,16],"all_points_y":[75,114,140,147,149,78,65,62,54,48,37,53,75]},"region_attributes":{}},"1":{"shape_attributes":{"name":"ellipse","cx":159,"cy":157,"rx":32,"ry":16},"region_attributes":{}}}},"rear (9).JPEG12353":{"fileref":"","size":12353,"filename":"rear (9).JPEG","base64_img_data":"","file_attributes":{},"regions":{"0":{"shape_attributes":{"name":"polygon","all_points_x":[24,12,15,52,152,279,306,256,213,72,31,24],"all_points_y":[48,103,128,137,131,113,99,48,32,33,42,48]},"region_attributes":{}}}},"rear (10).JPEG9080":{"fileref":"","size":9080,"filename":"rear (10).JPEG","base64_img_data":"","file_attributes":{},"regions":{"0":{"shape_attributes":{"name":"polygon","all_points_x":[130,152,190,191,175,130,130],"all_points_y":[58,86,87,72,51,56,58]},"region_attributes":{}},"1":{"shape_attributes":{"name":"ellipse","cx":133,"cy":103,"rx":25,"ry":25},"region_attributes":{}},"2":{"shape_attributes":{"name":"circle","cx":88,"cy":83,"r":10},"region_attributes":{}}}},"rear (11).JPEG14797":{"fileref":"","size":14797,"filename":"rear (11).JPEG","base64_img_data":"","file_attributes":{},"regions":{"0":{"shape_attributes":{"name":"polygon","all_points_x":[91,109,130,151,175,182,207,209,189,164,138,111,93,88,91],"all_points_y":[71,93,108,99,99,115,104,99,75,58,43,50,60,68,71]},"region_attributes":{}}}},"rear (12).JPEG6245":{"fileref":"","size":6245,"filename":"rear (12).JPEG","base64_img_data":"","file_attributes":{},"regions":{"0":{"shape_attributes":{"name":"circle","cx":153,"cy":88,"r":26},"region_attributes":{}},"1":{"shape_attributes":{"name":"circle","cx":102,"cy":95,"r":14},"region_attributes":{}},"2":{"shape_attributes":{"name":"circle","cx":173,"cy":126,"r":11},"region_attributes":{}},"3":{"shape_attributes":{"name":"rect","x":1,"y":58,"width":40,"height":33},"region_attributes":{}},"4":{"shape_attributes":{"name":"rect","x":223,"y":69,"width":38,"height":17},"region_attributes":{}}}},"rear (13).JPEG9684":{"fileref":"","size":9684,"filename":"rear (13).JPEG","base64_img_data":"","file_attributes":{},"regions":{"0":{"shape_attributes":{"name":"polygon","all_points_x":[8,58,154,189,193,192,163,117,42,19,1,1,4,8],"all_points_y":[96,114,121,120,150,183,200,204,177,162,146,117,99,96]},"region_attributes":{}}}},"rear (14).JPEG6139":{"fileref":"","size":6139,"filename":"rear (14).JPEG","base64_img_data":"","file_attributes":{},"regions":{"0":{"shape_attributes":{"name":"circle","cx":143,"cy":102,"r":53},"region_attributes":{}}}},"rear (15).JPEG10001":{"fileref":"","size":10001,"filename":"rear (15).JPEG","base64_img_data":"","file_attributes":{},"regions":{"0":{"shape_attributes":{"name":"polygon","all_points_x":[104,113,124,184,207,214,223,231,240,248,248,226,219,212,193,178,170,158,150,153,141,119,105,78,64,42,42,41,37,37,37,55,71,73,78,87,95,100,104],"all_points_y":[80,70,65,66,72,97,101,112,117,119,132,131,140,140,132,123,128,129,122,131,137,138,135,135,136,148,137,122,110,100,95,93,98,91,84,80,79,77,80]},"region_attributes":{}}}},"rear (16).JPEG6477":{"fileref":"","size":6477,"filename":"rear (16).JPEG","base64_img_data":"","file_attributes":{},"regions":{"0":{"shape_attributes":{"name":"circle","cx":104,"cy":66,"r":49},"region_attributes":{}},"1":{"shape_attributes":{"name":"ellipse","cx":234,"cy":45,"rx":19,"ry":21},"region_attributes":{}}}},"rear (17).JPEG5336":{"fileref":"","size":5336,"filename":"rear (17).JPEG","base64_img_data":"","file_attributes":{},"regions":{"0":{"shape_attributes":{"name":"ellipse","cx":131,"cy":60,"rx":28,"ry":12},"region_attributes":{}},"1":{"shape_attributes":{"name":"ellipse","cx":75,"cy":104,"rx":17,"ry":20},"region_attributes":{}}}},"rear (18).JPEG11122":{"fileref":"","size":11122,"filename":"rear (18).JPEG","base64_img_data":"","file_attributes":{},"regions":{"0":{"shape_attributes":{"name":"polygon","all_points_x":[30,82,145,159,166,154,144,142,144,155,163,165,167,167,152,143,110,108,104,72,55,39,29,36,29,30],"all_points_y":[41,39,46,49,52,62,70,79,87,90,101,121,134,140,151,151,150,134,117,107,111,106,83,73,47,41]},"region_attributes":{}}}},"rear (19).JPEG7001":{"fileref":"","size":7001,"filename":"rear (19).JPEG","base64_img_data":"","file_attributes":{},"regions":{"0":{"shape_attributes":{"name":"polygon","all_points_x":[21,45,67,109,137,182,235,284,285,275,227,186,189,193,190,175,161,153,141,126,124,109,109,111,77,68,67,43,43,45,47,27,11,3,3,21],"all_points_y":[34,20,9,30,48,60,71,57,69,87,99,87,97,114,122,127,101,83,70,57,45,31,31,31,14,10,9,29,41,64,73,68,50,44,25,34]},"region_attributes":{}}}},"rear (20).JPEG10628":{"fileref":"","size":10628,"filename":"rear (20).JPEG","base64_img_data":"","file_attributes":{},"regions":{"0":{"shape_attributes":{"name":"polygon","all_points_x":[0,27,84,132,173,201,239,269,273,253,229,223,213,3,0],"all_points_y":[9,14,36,59,82,86,106,116,129,131,172,178,181,181,9]},"region_attributes":{}}}},"rear (21).JPEG7334":{"fileref":"","size":7334,"filename":"rear (21).JPEG","base64_img_data":"","file_attributes":{},"regions":{"0":{"shape_attributes":{"name":"polygon","all_points_x":[114,131,162,140,140,156,180,203,206,231,226,190,182,169,134,118,105,97,114],"all_points_y":[98,107,108,96,84,80,87,94,107,108,116,115,121,123,123,111,109,91,98]},"region_attributes":{}}}},"rear (22).JPEG5919":{"fileref":"","size":5919,"filename":"rear (22).JPEG","base64_img_data":"","file_attributes":{},"regions":{"0":{"shape_attributes":{"name":"circle","cx":156,"cy":73,"r":52},"region_attributes":{}},"1":{"shape_attributes":{"name":"rect","x":105,"y":125,"width":102,"height":30},"region_attributes":{}}}},"rear (23).JPEG10426":{"fileref":"","size":10426,"filename":"rear (23).JPEG","base64_img_data":"","file_attributes":{},"regions":{"0":{"shape_attributes":{"name":"polygon","all_points_x":[37,45,46,37,37,48,56,79,94,119,120,121,126,136,131,124,120,114,81,67,69,70,69,68,73,87,106,121,120,116,116,99,87,81,78,73,63,37,28,29,43,53,70,65,57,43,24,18,19,21,21,23,30,30,34,37],"all_points_y":[90,81,65,61,49,46,42,38,27,23,31,57,56,59,72,75,87,85,87,87,93,98,106,110,115,114,117,118,122,130,131,147,159,161,154,146,138,132,130,135,153,155,163,168,172,171,150,137,129,125,119,110,105,98,90,90]},"region_attributes":{}},"1":{"shape_attributes":{"name":"polygon","all_points_x":[165,182,184,186,192,206,221,246,229,229,239,240,242,248,254,250,238,226,210,202,193,179,165],"all_points_y":[63,68,74,87,91,89,86,87,94,103,101,100,95,93,93,85,78,78,75,63,57,58,63]},"region_attributes":{}}}},"rear (24).JPEG8843":{"fileref":"","size":8843,"filename":"rear (24).JPEG","base64_img_data":"","file_attributes":{},"regions":{"0":{"shape_attributes":{"name":"polygon","all_points_x":[76,96,151,179,190,204,158,130,97,76],"all_points_y":[78,90,105,94,80,69,55,48,65,78]},"region_attributes":{}},"1":{"shape_attributes":{"name":"ellipse","cx":203,"cy":93,"rx":14,"ry":15},"region_attributes":{}},"2":{"shape_attributes":{"name":"rect","x":133,"y":112,"width":61,"height":37},"region_attributes":{}}}},"rear (25).JPEG8404":{"fileref":"","size":8404,"filename":"rear (25).JPEG","base64_img_data":"","file_attributes":{},"regions":{"0":{"shape_attributes":{"name":"polygon","all_points_x":[25,1,3,48,58,137,222,259,256,256,256,104,25],"all_points_y":[164,149,51,20,8,9,20,18,92,146,186,192,164]},"region_attributes":{}}}},"side (1).JPEG9234":{"fileref":"","size":9234,"filename":"side (1).JPEG","base64_img_data":"","file_attributes":{},"regions":{"0":{"shape_attributes":{"name":"polygon","all_points_x":[5,13,33,49,131,167,201,277,297,298,241,137,119,63,15,5,4,5,5,5,5],"all_points_y":[59,77,112,126,139,141,142,123,115,21,20,16,22,31,35,50,62,62,62,62,59]},"region_attributes":{}}}},"side (2).JPEG5426":{"fileref":"","size":5426,"filename":"side (2).JPEG","base64_img_data":"","file_attributes":{},"regions":{"0":{"shape_attributes":{"name":"ellipse","cx":74,"cy":82,"rx":77,"ry":49},"region_attributes":{}}}},"side (3).JPEG7165":{"fileref":"","size":7165,"filename":"side (3).JPEG","base64_img_data":"","file_attributes":{},"regions":{"0":{"shape_attributes":{"name":"rect","x":5,"y":46,"width":293,"height":59},"region_attributes":{}}}},"side (4).JPEG9173":{"fileref":"","size":9173,"filename":"side (4).JPEG","base64_img_data":"","file_attributes":{},"regions":{"0":{"shape_attributes":{"name":"rect","x":120,"y":137,"width":127,"height":39},"region_attributes":{}},"1":{"shape_attributes":{"name":"rect","x":38,"y":149,"width":65,"height":30},"region_attributes":{}}}},"side (5).JPEG8708":{"fileref":"","size":8708,"filename":"side (5).JPEG","base64_img_data":"","file_attributes":{},"regions":{"0":{"shape_attributes":{"name":"circle","cx":69,"cy":116,"r":19},"region_attributes":{}}}},"side (6).JPEG7821":{"fileref":"","size":7821,"filename":"side (6).JPEG","base64_img_data":"","file_attributes":{},"regions":{"0":{"shape_attributes":{"name":"rect","x":43,"y":33,"width":187,"height":122},"region_attributes":{}}}},"side (7).JPEG5633":{"fileref":"","size":5633,"filename":"side (7).JPEG","base64_img_data":"","file_attributes":{},"regions":{"0":{"shape_attributes":{"name":"circle","cx":157,"cy":94,"r":49},"region_attributes":{}}}},"side (8).JPEG9416":{"fileref":"","size":9416,"filename":"side (8).JPEG","base64_img_data":"","file_attributes":{},"regions":{"0":{"shape_attributes":{"name":"circle","cx":232,"cy":73,"r":22},"region_attributes":{}}}},"side (9).JPEG8272":{"fileref":"","size":8272,"filename":"side (9).JPEG","base64_img_data":"","file_attributes":{},"regions":{"0":{"shape_attributes":{"name":"polygon","all_points_x":[167,172,189,223,237,263,271,271,235,209,181,164,167],"all_points_y":[129,154,161,163,121,120,107,68,82,99,125,126,129]},"region_attributes":{}}}},"side (10).JPEG9416":{"fileref":"","size":9416,"filename":"side (10).JPEG","base64_img_data":"","file_attributes":{},"regions":{"0":{"shape_attributes":{"name":"polygon","all_points_x":[76,106,176,200,201,137,81,76],"all_points_y":[120,96,47,33,53,117,149,120]},"region_attributes":{}}}},"side (11).JPEG11358":{"fileref":"","size":11358,"filename":"side (11).JPEG","base64_img_data":"","file_attributes":{},"regions":{"0":{"shape_attributes":{"name":"polygon","all_points_x":[38,45,55,121,189,223,221,221,198,157,111,52,38],"all_points_y":[56,108,138,148,148,148,119,97,87,68,53,49,56]},"region_attributes":{}},"1":{"shape_attributes":{"name":"circle","cx":131,"cy":166,"r":25},"region_attributes":{}}}},"side (12).JPEG12792":{"fileref":"","size":12792,"filename":"side (12).JPEG","base64_img_data":"","file_attributes":{},"regions":{"0":{"shape_attributes":{"name":"polygon","all_points_x":[167,185,185,185,185,221,234,248,227,199,164,167],"all_points_y":[79,93,119,129,136,123,116,83,56,48,63,79]},"region_attributes":{}}}},"side (13).JPEG11348":{"fileref":"","size":11348,"filename":"side (13).JPEG","base64_img_data":"","file_attributes":{},"regions":{"0":{"shape_attributes":{"name":"rect","x":60,"y":92,"width":87,"height":16},"region_attributes":{}},"1":{"shape_attributes":{"name":"rect","x":158,"y":79,"width":38,"height":21},"region_attributes":{}},"2":{"shape_attributes":{"name":"circle","cx":228,"cy":86,"r":11},"region_attributes":{}}}},"side (14).JPEG11032":{"fileref":"","size":11032,"filename":"side (14).JPEG","base64_img_data":"","file_attributes":{},"regions":{"0":{"shape_attributes":{"name":"polygon","all_points_x":[43,39,43,69,103,124,133,154,168,192,230,231,234,232,227,226,214,178,123,108,90,44,44,43],"all_points_y":[116,136,145,153,153,155,141,134,146,160,162,153,142,129,104,90,80,74,80,74,79,107,111,116]},"region_attributes":{}},"1":{"shape_attributes":{"name":"ellipse","cx":17,"cy":121,"rx":9,"ry":8},"region_attributes":{}}}},"side (15).JPEG9712":{"fileref":"","size":9712,"filename":"side (15).JPEG","base64_img_data":"","file_attributes":{},"regions":{"0":{"shape_attributes":{"name":"polygon","all_points_x":[3,28,67,122,139,137,139,151,221,233,237,199,165,41,3,3],"all_points_y":[38,45,5,3,4,49,82,72,128,149,158,159,153,144,123,38]},"region_attributes":{}}}},"side (16).JPEG9689":{"fileref":"","size":9689,"filename":"side (16).JPEG","base64_img_data":"","file_attributes":{},"regions":{"0":{"shape_attributes":{"name":"circle","cx":86,"cy":48,"r":96},"region_attributes":{}}}},"side (17).JPEG6559":{"fileref":"","size":6559,"filename":"side (17).JPEG","base64_img_data":"","file_attributes":{},"regions":{"0":{"shape_attributes":{"name":"rect","x":1,"y":7,"width":288,"height":86},"region_attributes":{}}}},"side (18).JPEG5391":{"fileref":"","size":5391,"filename":"side (18).JPEG","base64_img_data":"","file_attributes":{},"regions":{"0":{"shape_attributes":{"name":"polygon","all_points_x":[109,112,152,223,288,298,298,295,293,203,166,137,112,109],"all_points_y":[65,111,114,105,105,104,68,18,2,2,6,34,60,65]},"region_attributes":{}}}},"side (19).JPEG13384":{"fileref":"","size":13384,"filename":"side (19).JPEG","base64_img_data":"","file_attributes":{},"regions":{"0":{"shape_attributes":{"name":"rect","x":52,"y":51,"width":213,"height":62},"region_attributes":{}},"1":{"shape_attributes":{"name":"circle","cx":42,"cy":70,"r":15},"region_attributes":{}}}},"side (20).JPEG7459":{"fileref":"","size":7459,"filename":"side (20).JPEG","base64_img_data":"","file_attributes":{},"regions":{"0":{"shape_attributes":{"name":"rect","x":143,"y":50,"width":65,"height":67},"region_attributes":{}}}},"side (21).JPEG7979":{"fileref":"","size":7979,"filename":"side (21).JPEG","base64_img_data":"","file_attributes":{},"regions":{"0":{"shape_attributes":{"name":"polygon","all_points_x":[12,58,115,129,149,162,177,203,202,207,250,262,273,245,191,154,115,94,68,37,7,12],"all_points_y":[70,80,101,111,135,161,172,173,159,134,128,126,94,89,79,68,51,59,62,59,65,70]},"region_attributes":{}}}},"side (22).JPEG9389":{"fileref":"","size":9389,"filename":"side (22).JPEG","base64_img_data":"","file_attributes":{},"regions":{"0":{"shape_attributes":{"name":"rect","x":15,"y":77,"width":205,"height":144},"region_attributes":{}}}},"side (23).JPEG7672":{"fileref":"","size":7672,"filename":"side (23).JPEG","base64_img_data":"","file_attributes":{},"regions":{"0":{"shape_attributes":{"name":"polygon","all_points_x":[123,135,175,208,241,243,245,162,166,155,136,129,123],"all_points_y":[77,65,61,67,75,102,125,95,103,105,105,92,77]},"region_attributes":{}},"1":{"shape_attributes":{"name":"circle","cx":285,"cy":82,"r":39},"region_attributes":{}}}},"side (24).JPEG5129":{"fileref":"","size":5129,"filename":"side (24).JPEG","base64_img_data":"","file_attributes":{},"regions":{"0":{"shape_attributes":{"name":"rect","x":135,"y":59,"width":39,"height":77},"region_attributes":{}},"1":{"shape_attributes":{"name":"ellipse","cx":203,"cy":98,"rx":22,"ry":15},"region_attributes":{}},"2":{"shape_attributes":{"name":"circle","cx":94,"cy":47,"r":23},"region_attributes":{}}}},"side (25).JPEG11035":{"fileref":"","size":11035,"filename":"side (25).JPEG","base64_img_data":"","file_attributes":{},"regions":{"0":{"shape_attributes":{"name":"polygon","all_points_x":[126,168,186,195,163,140,127,126],"all_points_y":[54,63,50,37,35,39,50,54]},"region_attributes":{}},"1":{"shape_attributes":{"name":"polygon","all_points_x":[137,165,181,199,222,234,242,249,251,251,241,206,193,137],"all_points_y":[76,87,99,103,102,96,93,91,72,63,54,61,56,76]},"region_attributes":{}},"2":{"shape_attributes":{"name":"ellipse","cx":125,"cy":84,"rx":10,"ry":12},"region_attributes":{}},"3":{"shape_attributes":{"name":"circle","cx":84,"cy":89,"r":16},"region_attributes":{}}}}}